dolnośląskie;bolesławiecki;66394;46537;91;1031;15465;14329;5339;4146;3425;2775
dolnośląskie;dzierżoniowski;74042;50924;126;1035;17865;16811;6041;3797;3582;1771
dolnośląskie;głogowski;64410;47444;68;817;17212;16434;4417;4120;2851;1570
dolnośląskie;górowski;25337;16544;30;440;6478;3888;2031;1623;1123;949
dolnośląskie;jaworski;37390;25670;70;520;10139;7250;2796;2507;1529;919
dolnośląskie;Jelenia Góra;58088;43186;104;563;10769;19122;4065;4932;2191;1512
dolnośląskie;kamiennogórski;31724;21893;46;521;7280;7861;2206;1982;1168;860
dolnośląskie;karkonoski;50049;36130;98;657;9109;15331;4072;3485;1964;1478
dolnośląskie;kłodzki;120530;81992;211;1676;27173;29877;10190;5670;4414;2969
dolnośląskie;Legnica;69202;50488;85;587;16318;18778;4921;4665;3060;2070
dolnośląskie;legnicki;41552;29874;54;712;11354;8702;3290;2171;2184;1429
dolnośląskie;lubański;40763;28318;50;620;9010;8826;3302;3271;1661;1621
dolnośląskie;lubiński;78054;58560;69;1025;22315;16699;5615;4640;3708;4540
dolnośląskie;lwówecki;33765;22457;66;610;7312;6920;3069;2275;1233;1028
dolnośląskie;milicki;27891;19351;28;390;7232;4644;2924;1827;1385;948
dolnośląskie;oleśnicki;80860;58785;118;1190;18404;18145;8872;5032;4158;2967
dolnośląskie;oławski;57635;43421;70;552;14353;14016;5620;3445;3230;2197
dolnośląskie;polkowicki;45795;32725;70;712;14044;7359;3960;2521;2615;1495
dolnośląskie;strzeliński;33826;24115;73;512;9372;7227;2540;1537;1592;1331
dolnośląskie;średzki;43265;32027;39;622;10818;9921;4401;2426;2644;1178
dolnośląskie;świdnicki;116272;83838;165;1465;27158;29299;9854;7813;5623;2595
dolnośląskie;trzebnicki;66784;50083;85;1082;16115;15255;6193;3895;3390;4116
dolnośląskie;Wałbrzych;75920;52678;103;854;14704;23593;5456;4137;2425;1474
dolnośląskie;wałbrzyski;41628;28416;65;601;8325;11258;3432;2236;1597;950
dolnośląskie;wołowski;36471;25781;48;580;9449;7560;3052;1992;1621;1500
dolnośląskie;Wrocław;508558;413119;502;2906;88696;167248;55327;57254;27203;14121
dolnośląskie;wrocławski;125656;102843;117;1190;25982;38809;15664;9058;7786;4290
dolnośląskie;ząbkowicki;48465;32029;91;699;12572;9350;4242;2153;1837;1117
dolnośląskie;zgorzelecki;67305;47268;99;1076;16370;15319;4658;4709;2920;2192
dolnośląskie;złotoryjski;31909;21627;46;511;7946;6610;2248;2291;1261;755
kujawsko-pomorskie;aleksandrowski;45563;32252;64;893;12450;8502;4108;3013;2075;1194
kujawsko-pomorskie;brodnicki;58336;40178;75;1028;14528;9171;8622;2492;2502;1810
kujawsko-pomorskie;bydgoski;92236;70830;84;1193;17958;26349;11979;6193;5047;2059
kujawsko-pomorskie;Bydgoszcz;246837;191576;254;1962;48692;74626;26886;23045;11011;5166
kujawsko-pomorskie;chełmiński;37096;24831;42;717;8443;7909;3397;1952;1623;781
kujawsko-pomorskie;golubsko-dobrzyński;33612;22664;47;576;9281;4562;3933;1975;1625;708
kujawsko-pomorskie;Grudziądz;64271;45963;57;757;12925;16471;6333;5502;2614;1310
kujawsko-pomorskie;grudziądzki;29809;19626;42;566;7717;4080;3516;1685;1445;610
kujawsko-pomorskie;inowrocławski;118114;83819;154;1959;26913;28563;12049;6960;4647;2689
kujawsko-pomorskie;lipnowski;48623;31153;74;1042;12537;5430;6723;2584;1978;851
kujawsko-pomorskie;mogileński;34236;23627;39;604;8448;5786;3984;2455;1488;857
kujawsko-pomorskie;nakielski;63932;44430;78;1254;14257;13032;6909;4392;3037;1538
kujawsko-pomorskie;radziejowski;30840;20564;65;545;9870;3186;3112;1912;1315;618
kujawsko-pomorskie;rypiński;32741;21458;67;525;8866;4597;3762;1739;1316;647
kujawsko-pomorskie;sępoleński;29629;19602;63;531;6847;6055;2512;1674;1226;747
kujawsko-pomorskie;świecki;72050;48866;80;1317;16641;15162;7184;3591;3467;1480
kujawsko-pomorskie;Toruń;146081;114001;160;1197;28363;44041;15038;15723;6642;2845
kujawsko-pomorskie;toruński;82816;60649;108;1280;18538;18688;10020;6040;4343;1709
kujawsko-pomorskie;tucholski;36146;25210;39;765;10004;5947;3730;1822;1942;993
kujawsko-pomorskie;wąbrzeski;24845;16023;37;451;5486;3431;3823;1234;1146;450
kujawsko-pomorskie;Włocławek;78610;56338;139;1010;15629;19720;5627;9750;2762;1773
kujawsko-pomorskie;włocławski;66193;44380;128;1499;18498;8931;6294;4872;2846;1428
kujawsko-pomorskie;żniński;52377;36951;88;1056;12843;11394;5193;2827;2401;1222
lubelskie;bialski;83820;57845;121;1334;28691;8673;7485;3428;4601;3601
lubelskie;Biała Podlaska;42256;31263;63;413;12589;8863;3505;1996;2250;1604
lubelskie;biłgorajski;76801;51981;237;847;28585;5992;8356;1601;4079;2508
lubelskie;Chełm;45531;31396;40;455;12185;9707;3312;2316;2078;1325
lubelskie;chełmski;58779;36738;97;1087;18845;6371;3722;1654;3147;1904
lubelskie;hrubieszowski;47393;29549;94;628;15488;4627;3601;1554;2205;1429
lubelskie;janowski;34677;25131;170;376;16752;2072;2168;835;2038;884
lubelskie;krasnostawski;48826;31808;95;781;15443;5293;3105;3226;2412;1532
lubelskie;kraśnicki;71159;48211;154;1025;26117;6089;6947;2771;3426;1795
lubelskie;lubartowski;67066;47550;151;1116;23890;6332;7024;2231;4474;2462
lubelskie;lubelski;122273;90790;218;1405;41285;14925;15828;4525;8690;4083
lubelskie;Lublin;257526;195333;299;1895;63744;58388;34490;14776;14736;7159
lubelskie;łęczyński;42619;30225;49;681;14582;6011;3322;1274;2903;1443
lubelskie;łukowski;78700;57489;135;1370;30860;7289;7129;1943;5203;3670
lubelskie;opolski;45208;30007;54;743;16105;4195;4404;1275;2308;967
lubelskie;parczewski;25977;17811;57;415;8719;2490;2817;926;1382;1046
lubelskie;puławski;87866;64657;218;1204;28212;14244;9584;3677;5144;2513
lubelskie;radzyński;44197;30886;82;725;16332;3335;4824;1278;2420;1961
lubelskie;rycki;42057;31139;100;623;15614;4720;5210;1612;2271;1078
lubelskie;świdnicki;54373;39269;114;560;17686;7447;6788;2164;3132;1432
lubelskie;tomaszowski;62858;40697;148;806;22389;5719;4762;1716;3143;2146
lubelskie;włodawski;29281;19677;66;521;8724;3813;3090;1319;1372;832
lubelskie;zamojski;81462;54763;183;1161;30491;6705;6365;2327;4332;3355
lubelskie;Zamość;45930;32287;53;390;13401;7913;4633;2350;2173;1384
lubuskie;gorzowski;54222;39339;44;942;10202;14316;5699;3814;2968;1381
lubuskie;Gorzów Wielkopolski;86213;64172;86;958;16297;25109;9248;6042;4057;2368
lubuskie;krośnieński;40830;28030;53;814;7366;11646;3867;1846;1589;876
lubuskie;międzyrzecki;42919;29712;45;915;8322;9659;5053;2620;1947;1170
lubuskie;nowosolski;62801;43929;77;1021;13464;15551;6253;3289;2693;1612
lubuskie;słubicki;35993;25352;46;701;6243;9232;3434;3230;1678;824
lubuskie;strzelecko-drezdenecki;36211;24262;46;764;7528;7291;4732;1811;1332;787
lubuskie;sulęciński;25903;17638;39;735;5587;5743;2272;1165;1160;966
lubuskie;świebodziński;41249;29233;29;769;8285;10239;4573;2256;1988;1114
lubuskie;wschowski;28678;19397;34;550;7238;5315;3043;1330;1239;672
lubuskie;Zielona Góra;103739;82150;133;904;16932;35872;11484;9664;4614;2579
lubuskie;zielonogórski;56889;40740;58;1180;10269;15150;6161;3441;2793;1723
lubuskie;żagański;56558;38121;70;1022;12222;12495;5634;3051;2334;1334
lubuskie;żarski;69712;47839;64;1164;13575;17473;6480;4352;3280;1498
łódzkie;bełchatowski;84311;64005;135;1406;29072;11539;7072;4374;6524;3983
łódzkie;brzeziński;24008;18159;54;332;8004;4058;2523;1364;1299;573
łódzkie;kutnowski;72674;51485;137;1271;22508;13042;5427;4657;2871;1648
łódzkie;łaski;38758;29215;59;626;11950;7350;4362;2087;1928;899
łódzkie;łęczycki;38870;27246;56;816;13050;5760;3225;1522;1879;983
łódzkie;łowicki;60190;44583;70;1177;20205;7532;7244;2774;4178;1460
łódzkie;łódzki wschodni;57888;46442;84;526;16604;14477;6103;3994;3275;1441
łódzkie;Łódź;499671;396994;592;3326;97825;168992;45657;50412;20854;9097
łódzkie;opoczyński;57146;43255;83;859;24437;5361;6263;1875;3197;1236
łódzkie;pabianicki;91368;71572;211;1179;22126;24560;8951;7759;4426;2473
łódzkie;pajęczański;39358;28883;84;726;14939;4232;4610;1680;1829;842
łódzkie;piotrkowski;70688;52555;102;1141;27191;7656;8225;2591;3975;1764
łódzkie;Piotrków Trybunalski;53424;40161;65;557;14161;13737;4873;3273;2378;1136
łódzkie;poddębicki;32585;23668;45;703;10717;3971;4613;1371;1364;917
łódzkie;radomszczański;85438;61606;180;1408;28181;15700;6269;3727;3742;2547
łódzkie;rawski;37200;27014;36;732;12863;4226;4695;1287;2278;905
łódzkie;sieradzki;89584;65613;112;1529;29300;14256;9344;3962;4453;2698
łódzkie;Skierniewice;35400;28024;57;340;9145;8518;4343;2751;1851;1031
łódzkie;skierniewicki;29784;23053;45;578;11898;2698;3516;1441;1918;992
łódzkie;tomaszowski;86678;65843;107;1406;27981;16648;9223;4021;4384;2147
łódzkie;wieluński;58142;42870;97;866;19392;9383;6591;2613;2661;1359
łódzkie;wieruszowski;32988;23813;37;556;9804;4452;3954;1610;1945;1486
łódzkie;zduńskowolski;49182;36596;57;678;14292;10357;5825;1974;2245;1205
łódzkie;zgierski;128176;99868;165;1740;32748;33143;13167;9179;6604;3205
małopolskie;bocheński;81728;61825;152;941;31630;8666;11450;2065;4914;2130
małopolskie;brzeski;70436;49247;102;898;25387;6708;8077;1679;4476;1996
małopolskie;chrzanowski;93368;70138;110;964;24663;21772;10088;5865;4647;2040
małopolskie;dąbrowski;44970;28284;68;571;17241;2728;4237;698;1979;824
małopolskie;gorlicki;82316;56836;141;995;28917;9272;8087;2142;4475;2900
małopolskie;krakowski;221819;173792;336;2796;67763;43605;28138;11170;14616;5613
małopolskie;Kraków;613943;503600;760;4673;124957;171227;86662;64712;37421;13449
małopolskie;limanowski;98010;71669;115;1232;42203;6547;9631;1759;6059;4217
małopolskie;miechowski;37909;26518;59;561;13701;3825;3876;1534;1976;1036
małopolskie;myślenicki;98121;75092;122;1197;36454;12430;12318;2750;7010;2903
małopolskie;nowosądecki;163827;121828;240;1962;70795;14627;11708;3192;11059;8438
małopolskie;nowotarski;146968;97109;167;1946;50009;16161;10033;2979;8773;7182
małopolskie;Nowy Sącz;60529;45767;72;441;19458;12483;5174;1910;3699;2556
małopolskie;olkuski;84150;63350;122;1082;26009;14142;9017;6217;4422;2434
małopolskie;oświęcimski;115061;88026;225;1176;33439;24715;12165;7028;5960;3518
małopolskie;proszowicki;33742;23509;48;566;12240;2601;4631;919;1908;636
małopolskie;suski;64175;46028;146;843;22869;8681;5886;1902;4113;1713
małopolskie;tarnowski;152814;106653;193;1836;58720;12665;17133;3327;8518;4408
małopolskie;Tarnów;81545;59088;131;592;21559;15894;12065;3163;3788;1973
małopolskie;tatrzański;58090;41462;77;598;18205;9714;4854;1612;3236;3226
małopolskie;wadowicki;121841;91341;198;1537;38883;20810;14128;4491;7024;4406
małopolskie;wielicki;103342;81606;127;985;29656;19428;17636;4301;6658;2879
mazowieckie;białobrzeski;26125;19787;41;486;10992;2976;2491;825;1421;582
mazowieckie;ciechanowski;67241;48650;99;933;22320;10444;7065;3098;3226;1539
mazowieckie;garwoliński;82911;64426;138;1453;34815;8726;9102;2442;5118;2753
mazowieckie;gostyniński;34253;24145;55;595;11396;5436;3263;1193;1469;785
mazowieckie;grodziski;76274;62846;117;660;17995;22552;10327;4348;4528;2410
mazowieckie;grójecki;80216;61921;107;1052;24464;12891;12782;4064;4404;2202
mazowieckie;kozienicki;46815;34691;93;686;17297;6625;4728;1678;2397;1229
mazowieckie;legionowski;95373;79446;130;706;22696;30993;11383;5689;5101;2829
mazowieckie;lipski;26091;17498;26;413;9634;2270;2321;943;1184;730
mazowieckie;łosicki;23294;16535;34;387;9159;1594;2572;743;1470;606
mazowieckie;makowski;34075;24125;61;765;11984;3316;4403;944;1716;994
mazowieckie;miński;125194;99877;104;1592;37532;28362;14858;5885;7466;4060
mazowieckie;mławski;54107;37572;74;839;17480;7439;6086;2060;2700;960
mazowieckie;nowodworski;61439;46677;84;790;17066;14148;6600;3265;3091;1701
mazowieckie;ostrołęcki;68103;46845;94;1404;24624;5981;6316;2063;4371;2073
mazowieckie;Ostrołęka;37369;27283;39;462;10949;6823;4084;1862;2043;1062
mazowieckie;ostrowski;54879;39464;161;900;20661;5900;5890;1893;2902;1333
mazowieckie;otwocki;97021;80035;118;1014;29662;23168;12113;4813;5781;3412
mazowieckie;piaseczyński;148330;124147;150;1248;32813;49402;18794;9401;8250;4139
mazowieckie;Płock;86942;65710;88;748;22451;20934;11332;4987;3446;1745
mazowieckie;płocki;85651;60396;108;1507;28188;9319;12261;3025;3924;2147
mazowieckie;płoński;67957;46616;88;1225;21374;9523;7061;2585;3020;1813
mazowieckie;pruszkowski;129412;109308;163;948;30209;41858;17583;7966;7000;3657
mazowieckie;przasnyski;38714;26600;62;621;13557;4807;3560;1260;1900;894
mazowieckie;przysuski;31999;24463;110;526;15345;2360;3106;837;1649;631
mazowieckie;pułtuski;40527;29670;93;887;13239;5065;5782;1635;2173;864
mazowieckie;Radom;150435;115380;149;1107;45128;35521;14556;7122;7752;4072
mazowieckie;radomski;115706;84700;144;1579;45814;13540;9869;3612;6682;3527
mazowieckie;Siedlce;57206;44619;42;549;17511;12078;6009;2483;3747;2202
mazowieckie;siedlecki;62454;46582;63;1007;26385;4966;5926;1619;4446;2213
mazowieckie;sierpecki;38730;26249;89;618;12812;3965;4906;1419;1727;790
mazowieckie;sochaczewski;64914;49241;102;712;19823;11102;9603;2826;3306;1851
mazowieckie;sokołowski;41191;30705;113;625;16115;4261;5049;1040;2491;1104
mazowieckie;szydłowiecki;29864;20888;62;507;11464;3547;2096;814;1713;741
mazowieckie;Warszawa;1357214;1153824;1653;7639;252746;483832;157745;148116;73083;29422
mazowieckie;warszawski zachodni;95762;80264;120;728;23215;30886;11382;5648;5475;2874
mazowieckie;węgrowski;50771;37582;83;843;19691;6144;5144;1563;2869;1297
mazowieckie;wołomiński;193346;156446;187;1827;58249;44463;21904;10426;12347;7132
mazowieckie;wyszkowski;58364;43908;111;1047;19571;7686;8546;1977;3487;1580
mazowieckie;zwoleński;27568;18995;32;396;10280;2273;2741;979;1391;910
mazowieckie;żuromiński;28789;19663;53;464;9305;2537;3622;2223;1036;477
mazowieckie;żyrardowski;60046;46803;59;621;16512;13640;6767;4172;3123;1951
opolskie;brzeski;66567;46732;93;889;17152;15030;5230;3397;3416;1581
opolskie;głubczycki;33794;22267;57;532;9828;6610;1913;1152;1339;884
opolskie;kędzierzyńsko-kozielski;67625;44168;83;1025;11674;16614;4795;3123;2521;4355
opolskie;kluczborski;48374;31108;76;674;10342;9070;5336;1852;1993;1833
opolskie;krapkowicki;47276;28826;42;826;6636;8785;4108;1799;1766;4904
opolskie;namysłowski;32432;22749;40;549;8180;5958;3938;1724;1619;757
opolskie;nyski;101958;68137;163;1297;27584;20642;7558;4295;4612;2110
opolskie;oleski;49041;30811;56;795;9987;7930;4350;1996;1825;3908
opolskie;Opole;96778;74995;110;732;15895;33419;8966;7747;4386;3738
opolskie;opolski;95340;60327;93;1565;14538;19620;7865;4138;3769;8821
opolskie;prudnicki;40659;25749;51;617;9363;6750;2724;1547;1815;2925
opolskie;strzelecki;57345;35103;50;1161;8843;10813;4372;1993;2089;5821
podkarpackie;bieszczadzki;17371;11315;19;238;4174;1899;3297;462;1019;224
podkarpackie;brzozowski;49763;33397;146;574;21553;2754;4073;1012;2787;634
podkarpackie;dębicki;102205;72665;270;1082;39806;11597;8209;2739;6384;2810
podkarpackie;jarosławski;90678;61910;175;1108;35567;8624;7072;2367;5262;1874
podkarpackie;jasielski;86552;59195;152;1092;34236;8064;6878;2292;5131;1462
podkarpackie;kolbuszowski;47520;31144;109;425;18772;3207;2530;1346;3781;1075
podkarpackie;Krosno;34357;24796;63;234;10014;6921;3445;1575;1990;611
podkarpackie;krośnieński;87463;60426;167;980;33670;8647;7917;2413;5140;1624
podkarpackie;leski;24263;17121;53;338;7441;3434;3395;767;1378;361
podkarpackie;leżajski;51843;35373;103;454;21514;2676;5983;792;2918;981
podkarpackie;lubaczowski;42292;27510;77;613;14926;3075;4248;1871;2204;553
podkarpackie;łańcucki;62178;45713;63;516;25281;6092;5431;1740;4494;2137
podkarpackie;mielecki;102127;72219;196;967;38010;12141;9255;3217;6061;2527
podkarpackie;niżański;50361;32397;87;476;19517;4091;3006;1283;3139;872
podkarpackie;przemyski;56146;37089;84;939;20698;5022;4638;1224;3392;1164
podkarpackie;Przemyśl;43532;29770;102;405;12065;8906;3411;1799;2454;712
podkarpackie;przeworski;60202;41415;149;814;24346;4733;5217;1603;3615;1078
podkarpackie;ropczycko-sędziszowski;56739;40557;88;606;24492;3959;4558;1395;4130;1403
podkarpackie;rzeszowski;130939;97295;229;1289;52173;13732;11640;3983;9655;4704
podkarpackie;Rzeszów;152046;119550;153;928;38517;36140;17126;10007;11560;5187
podkarpackie;sanocki;70115;46382;110;785;23100;7975;7347;2365;3708;1087
podkarpackie;stalowowolski;78127;52694;123;729;27612;10452;5176;2573;4604;1528
podkarpackie;strzyżowski;47185;32263;89;476;18381;3653;3352;1310;3247;1833
podkarpackie;Tarnobrzeg;33878;24256;45;254;9234;7935;3112;1421;1710;581
podkarpackie;tarnobrzeski;40473;26799;65;496;14379;3584;4298;1022;2171;833
podlaskie;augustowski;43285;28956;75;578;13197;4723;4954;1861;2598;1004
podlaskie;białostocki;118039;87045;174;1322;35245;18661;16471;3588;8862;2862
podlaskie;Białystok;215144;167301;226;1757;51738;44811;36932;10921;15980;4894
podlaskie;bielski;41433;28115;111;569;11620;6088;5013;1416;2685;714
podlaskie;grajewski;34932;22154;33;571;11291;3127;3581;792;2028;760
podlaskie;hajnowski;34229;22637;34;513;5751;6334;5345;1762;2169;739
podlaskie;kolneński;28893;18227;52;367;10411;1798;2697;509;1678;761
podlaskie;Łomża;43912;31128;51;374;13645;7825;4668;1088;2596;910
podlaskie;łomżyński;39077;26101;89;509;15083;2863;3383;572;2653;1034
podlaskie;moniecki;30259;18642;55;402;9594;2336;3159;551;2067;530
podlaskie;sejneński;15207;9743;38;230;3888;1855;2056;528;774;406
podlaskie;siemiatycki;33506;21344;63;441;9580;3995;3620;908;2069;721
podlaskie;sokólski;50227;32533;124;693;16054;5064;5470;1136;3156;968
podlaskie;suwalski;27064;18423;78;463;8518;2601;3294;787;2017;736
podlaskie;Suwałki;49986;34934;58;517;12838;9256;5998;1794;3143;1369
podlaskie;wysokomazowiecki;42840;30317;76;469;18368;2686;4182;626;3082;904
podlaskie;zambrowski;33061;22297;57;403;11456;2948;4075;639;2091;660
pomorskie;bytowski;57426;38805;60;808;14115;12153;4567;2831;2919;1392
pomorskie;chojnicki;71034;50732;71;945;18623;14630;6825;3717;4057;1911
pomorskie;człuchowski;41687;27475;40;706;8519;9449;3536;2367;1919;973
pomorskie;Gdańsk;369589;301761;342;2847;59689;139254;43187;32730;16843;6664
pomorskie;gdański;90985;70641;104;1229;15536;29913;11726;5044;5000;2162
pomorskie;Gdynia;183307;148710;319;1185;29843;68851;20127;16573;8136;3775
pomorskie;kartuski;105414;82505;94;1288;27074;25536;11425;4950;7016;5133
pomorskie;kościerski;53688;39717;74;800;14799;11517;5669;2372;2929;1620
pomorskie;kwidzyński;59656;39703;62;1110;12573;12588;5064;4200;2789;1357
pomorskie;lęborski;47011;33677;63;578;9795;12632;4334;2772;2435;1115
pomorskie;malborski;45807;31562;83;704;8719;11551;4871;2764;2038;894
pomorskie;nowodworski;27425;18872;26;484;5354;7445;2563;1291;1168;563
pomorskie;pucki;68212;52275;62;794;14785;19431;7813;3743;3750;1908
pomorskie;Słupsk;63200;46437;76;517;12817;19645;5077;4472;2656;1214
pomorskie;słupski;72802;49118;97;1055;14963;17829;6250;3991;3460;1544
pomorskie;Sopot;27963;22743;95;183;4606;12095;2255;2188;952;420
pomorskie;starogardzki;92744;64948;118;1679;24295;18713;9059;4208;4506;2447
pomorskie;sztumski;30459;18878;35;742;6158;6416;2571;1379;1036;563
pomorskie;tczewski;82523;58300;81;1361;18388;19034;9303;4163;4074;1918
pomorskie;wejherowski;162157;124335;166;1614;34376;47236;17170;9099;9926;4813
śląskie;będziński;112981;86098;198;1087;23026;27780;8412;18337;4727;2683
śląskie;bielski;126062;99436;212;1144;34373;28405;15562;7428;8083;4351
śląskie;Bielsko-Biała;125690;98943;181;892;29469;34751;14174;8655;7099;3659
śląskie;bieruńsko-lędziński;44674;34147;97;486;14735;8029;4335;1964;2880;1689
śląskie;Bytom;109262;75212;98;1190;23072;25903;9135;7665;5202;2961
śląskie;Chorzów;74222;53898;98;772;14475;21636;6533;4762;3593;2098
śląskie;cieszyński;136796;102140;222;1418;33164;29118;16415;9225;7873;4864
śląskie;Częstochowa;160015;123259;186;1533;37548;43548;14065;15005;7180;4170
śląskie;częstochowski;105199;78442;158;1856;31150;18841;11797;6550;5145;3033
śląskie;Dąbrowa Górnicza;88190;67562;72;698;18465;19450;5937;17745;3408;1764
śląskie;Gliwice;129416;99948;215;1218;25641;40642;12558;9764;6515;3572
śląskie;gliwicki;85729;61394;79;1021;19845;19121;8918;4542;4462;3420
śląskie;Jastrzębie-Zdrój;63206;45576;86;831;19120;11968;4360;3757;3414;2102
śląskie;Jaworzno;67099;50528;119;658;15465;16295;4963;8077;3326;1688
śląskie;Katowice;218075;172168;254;1768;44275;70649;21672;17239;10440;5652
śląskie;kłobucki;65800;48291;105;1094;18305;9138;11540;3335;3109;1747
śląskie;lubliniecki;59587;40946;71;1045;15178;11873;5585;1957;3151;2136
śląskie;mikołowski;74306;57915;140;809;17937;19872;8802;3562;4613;2300
śląskie;Mysłowice;53416;40482;79;502;13831;13181;5006;3576;2947;1410
śląskie;myszkowski;54328;39735;128;836;15575;10913;4711;3650;2671;1335
śląskie;Piekary Śląskie;39782;29288;58;481;10665;11205;2610;1614;1714;982
śląskie;pszczyński;82589;64337;86;821;26331;16571;7863;4233;5181;3308
śląskie;raciborski;78721;50723;88;1159;18228;15510;6613;3262;3714;2190
śląskie;Ruda Śląska;98989;71967;108;971;25188;22606;10618;4936;4868;2703
śląskie;rybnicki;57856;42657;96;842;17983;10148;5324;2646;3594;2112
śląskie;Rybnik;98859;73362;94;1078;26184;22238;8990;5651;5692;3496
śląskie;Siemianowice Śląskie;47853;35828;58;506;9599;13650;4397;3092;2144;2425
śląskie;Sosnowiec;147145;111783;158;1168;29844;33476;10013;29136;5398;2633
śląskie;Świętochłowice;34432;23900;24;420;7551;8601;2850;1856;1671;929
śląskie;tarnogórski;107314;79439;150;984;25530;26359;11523;6027;5273;3619
śląskie;Tychy;91441;71935;134;810;22139;24039;11804;5470;4983;2651
śląskie;wodzisławski;115529;84143;222;1409;33985;23473;9403;4848;6719;4246
śląskie;Zabrze;118388;77612;113;1339;22739;27686;9547;7675;5482;3010
śląskie;zawierciański;90704;66997;138;1065;25589;17518;7896;8351;4653;1904
śląskie;Żory;45367;34101;48;530;11793;11195;4033;2391;2781;1349
śląskie;żywiecki;116066;86732;270;1481;40169;18832;10764;5060;6673;3693
świętokrzyskie;buski;57929;40594;109;900;20034;6680;6285;2407;2260;2017
świętokrzyskie;jędrzejowski;65945;46355;102;1024;24479;7171;6395;2490;2952;1833
świętokrzyskie;kazimierski;26759;17057;58;369;8941;2246;3084;826;1023;557
świętokrzyskie;Kielce;144403;112938;145;1204;36334;37380;14394;10368;6691;6420
świętokrzyskie;kielecki;164814;120073;215;2550;60133;19611;14416;6966;8931;7391
świętokrzyskie;konecki;61775;43470;125;972;21827;7522;4941;3836;2569;1794
świętokrzyskie;opatowski;40074;26772;60;815;14720;3208;3687;1391;1877;1057
świętokrzyskie;ostrowiecki;80764;54840;121;1202;23048;13145;7728;4269;3253;2156
świętokrzyskie;pińczowski;30969;20909;66;498;10502;3401;3019;1236;1272;947
świętokrzyskie;sandomierski;59344;40161;122;884;18483;6237;8663;2169;2541;1175
świętokrzyskie;skarżyski;55774;40168;129;714;15828;12450;4193;2917;2322;1723
świętokrzyskie;starachowicki;66999;46816;123;915;21237;10688;5783;2954;3213;1990
świętokrzyskie;staszowski;55186;37962;86;890;20783;5300;4611;1884;2705;1766
świętokrzyskie;włoszczowski;35318;24922;51;520;13917;2902;3776;1335;1588;879
warmińsko-mazurskie;bartoszycki;42268;26759;42;913;9420;9183;3186;1760;1523;764
warmińsko-mazurskie;braniewski;29423;18704;58;619;6509;5578;2839;1375;1204;576
warmińsko-mazurskie;działdowski;47967;32288;38;1045;13595;7483;4560;2496;2152;945
warmińsko-mazurskie;Elbląg;86152;63496;114;911;18222;24820;7949;6646;3281;1596
warmińsko-mazurskie;elbląski;42452;27383;49;856;9330;8660;3982;1991;1722;830
warmińsko-mazurskie;ełcki;63813;40410;83;965;14511;11943;5627;2570;3301;1463
warmińsko-mazurskie;giżycki;41467;28188;51;800;8554;9606;4477;1863;1783;1105
warmińsko-mazurskie;gołdapski;18881;11703;24;380;4086;3495;1792;742;659;545
warmińsko-mazurskie;iławski;68794;47426;61;1333;16836;12771;8438;3202;3499;1326
warmińsko-mazurskie;kętrzyński;45107;27973;60;895;9528;8799;3809;2289;1759;882
warmińsko-mazurskie;lidzbarski;29627;19050;33;611;6340;6450;2484;1282;1248;627
warmińsko-mazurskie;mrągowski;36613;24543;56;676;7672;8101;4069;1370;1612;1032
warmińsko-mazurskie;nidzicki;23998;15641;18;576;6542;3921;1973;1010;1092;522
warmińsko-mazurskie;nowomiejski;32190;21976;34;638;9160;3720;5035;1069;1717;612
warmińsko-mazurskie;olecki;23995;14741;22;437;5504;4198;2180;723;1134;554
warmińsko-mazurskie;Olsztyn;127035;99055;174;1282;23636;38726;15277;10863;6370;2788
warmińsko-mazurskie;olsztyński;97957;67592;109;1959;18811;22491;11824;5555;4743;2172
warmińsko-mazurskie;ostródzki;76368;51037;82;1625;15961;16745;7628;4448;3244;1361
warmińsko-mazurskie;piski;40834;25785;62;742;11296;6278;3619;1192;1678;972
warmińsko-mazurskie;szczycieński;52829;35143;108;1235;12673;8738;6488;2542;2351;1094
warmińsko-mazurskie;węgorzewski;16795;10855;15;369;3619;3043;1872;912;637;401
wielkopolskie;chodzieski;35126;25975;52;765;6469;9062;4554;2114;1577;1409
wielkopolskie;czarnkowsko-trzcianecki;63993;45497;78;1419;13807;15282;7341;3205;2940;1484
wielkopolskie;gnieźnieński;108782;81607;138;1855;24586;20502;14734;11760;5508;2575
wielkopolskie;gostyński;56786;40053;51;1200;15165;8006;6089;4484;3398;1698
wielkopolskie;grodziski;38746;28030;56;798;9043;7577;5065;2302;2193;1031
wielkopolskie;jarociński;53335;38803;50;1002;15101;9899;5993;3091;2519;1190
wielkopolskie;kaliski;64302;46321;86;1181;21472;7936;7524;2994;3349;1849
wielkopolskie;Kalisz;72093;55218;55;842;15728;20948;7316;4442;3060;2824
wielkopolskie;kępiński;42646;31506;57;810;11193;10251;4363;1709;2181;986
wielkopolskie;kolski;64864;45332;96;1185;21866;8148;6253;2856;3323;1667
wielkopolskie;Konin;53263;40063;38;547;13856;12298;5602;4210;2177;1345
wielkopolskie;koniński;100115;71379;146;2009;33583;12453;10034;5164;4871;3245
wielkopolskie;kościański;60898;46045;46;1372;13901;13667;8592;3898;2851;1743
wielkopolskie;krotoszyński;57297;41216;72;1079;15671;10030;6824;3211;2870;1519
wielkopolskie;leszczyński;44763;33383;25;1093;10271;8935;5983;2851;2640;1553
wielkopolskie;Leszno;45429;35378;61;520;7907;14164;5075;4182;2043;1465
wielkopolskie;międzychodzki;27750;19772;40;563;5334;6867;3066;2161;1181;595
wielkopolskie;nowotomyski;56593;42531;60;1004;11217;17255;6316;2612;2750;1355
wielkopolskie;obornicki;43845;32990;33;979;8582;9813;7673;2661;2095;1164
wielkopolskie;ostrowski;121837;90841;149;2020;32211;27182;12395;7995;6059;2920
wielkopolskie;ostrzeszowski;42028;30432;44;831;11480;7056;5767;2089;2174;1010
wielkopolskie;pilski;98473;71912;117;1662;20713;25273;11379;5420;4992;2408
wielkopolskie;pleszewski;47713;34254;75;1014;13334;8241;5986;2274;2246;1144
wielkopolskie;Poznań;408994;339691;432;2862;62649;149654;52891;47464;19026;4606
wielkopolskie;poznański;314289;263223;342;3266;54017;113125;45698;25881;16156;4871
wielkopolskie;rawicki;45522;33209;35;1098;10982;8675;5721;3002;2448;1272
wielkopolskie;słupecki;45247;32229;40;1050;12161;5617;6982;2160;1968;2275
wielkopolskie;szamotulski;70823;54127;141;1470;14160;20968;8436;3873;3272;1905
wielkopolskie;średzki;45795;34721;44;855;10411;9795;6356;3122;2752;1392
wielkopolskie;śremski;46162;34203;50;882;10270;9597;6160;3095;2506;1635
wielkopolskie;turecki;63103;45792;97;997;21089;8522;6729;3442;3047;1942
wielkopolskie;wągrowiecki;51960;37843;49;1151;11170;10700;7770;3493;2417;1121
wielkopolskie;wolsztyński;43107;32310;26;986;9445;9575;6368;2141;2603;1177
wielkopolskie;wrzesiński;59044;44595;41;979;14370;13648;6890;3952;3056;1686
wielkopolskie;złotowski;50875;34415;59;1082;10361;11742;5028;2396;2350;1427
zachodniopomorskie;białogardzki;33831;22019;60;661;7057;8416;2244;1744;1341;546
zachodniopomorskie;choszczeński;34868;22759;52;810;7783;7515;2543;2039;1327;736
zachodniopomorskie;drawski;41682;27303;45;775;8609;8969;3927;2466;1811;743
zachodniopomorskie;goleniowski;62097;43780;68;1156;12849;15894;6171;3619;2793;1281
zachodniopomorskie;gryficki;44169;29777;82;854;9542;9934;4463;2572;1552;824
zachodniopomorskie;gryfiński;59783;40887;92;1119;14147;14066;4492;3224;2446;1354
zachodniopomorskie;kamieński;36313;24852;47;679;7371;9556;3083;2084;1352;714
zachodniopomorskie;kołobrzeski;65492;48696;74;923;14362;20254;5438;4037;2355;1300
zachodniopomorskie;Koszalin;78643;59815;135;809;14973;26975;6999;5182;3368;1453
zachodniopomorskie;koszaliński;49922;34782;48;1045;10333;12253;5190;2449;2315;1188
zachodniopomorskie;łobeski;26015;16425;35;614;5605;4785;2714;1220;894;588
zachodniopomorskie;myśliborski;47490;31764;72;860;9858;11303;3321;3448;1828;1133
zachodniopomorskie;policki;60698;47620;77;656;10828;21321;6332;4189;2864;1403
zachodniopomorskie;pyrzycki;28487;19203;32;561;7782;5002;2477;1447;1129;798
zachodniopomorskie;sławieński;42659;29067;37;776;9716;10232;3225;2204;1844;1061
zachodniopomorskie;stargardzki;88805;63983;161;1296;19881;23336;8092;5114;3855;2389
zachodniopomorskie;Szczecin;286421;223360;331;2349;55718;97615;26544;21585;12996;6248
zachodniopomorskie;szczecinecki;55606;37177;121;965;12847;13442;3921;2733;2227;1032
zachodniopomorskie;świdwiński;34304;22315;36;646;7642;6516;2881;2818;1275;532
zachodniopomorskie;Świnoujście;31531;23584;34;283;5994;9615;2268;3530;1233;643
zachodniopomorskie;wałecki;38267;26445;49;663;7701;10053;3408;2429;1516;654
